customer_city
"abadia dos dourados"
abadiania
abaete
abaetetuba
abaiara
abaira
abare
abatia
"abdon batista"
"abelardo luz"
abrantes
"abre campo"
"abreu e lima"
acaiaca
acailandia
acajutiba
acarau
acari
acegua
acopiara
acreuna
acu
acucena
adamantina
"adhemar de barros"
adolfo
adrianopolis
adustina
"afogados da ingazeira"
"afonso claudio"
afranio
agisse
agrestina
agrolandia
agronomica
"agua boa"
"agua branca"
"agua clara"
"agua comprida"
"agua doce"
"agua doce do norte"
"agua fria de goias"
"agua limpa"
"agua nova"
"agua preta"
"agua santa"
aguai
"aguas belas"
"aguas claras"
"aguas da prata"
"aguas de lindoia"
"aguas de santa barbara"
"aguas de sao pedro"
"aguas formosas"
"aguas frias"
"aguas lindas de goias"
"aguas mornas"
"aguas vermelhas"
agudo
agudos
"aguia branca"
aimores
aiuaba
aiuruoca
ajapi
ajuricaba
alagoa
"alagoa grande"
"alagoa nova"
alagoinha
alagoinhas
alambari
alcantara
alcinopolis
alcobaca
alegre
alegrete
"alegrete do piaui"
alegria
"alem paraiba"
alexandra
alexandria
alexandrita
alexania
alfenas
"alfredo chaves"
"alfredo marcondes"
"alfredo vasconcelos"
"alfredo wagner"
alhandra
alianca
"alianca do tocantins"
almas
almenara
"almino afonso"
"almirante tamandare"
"almirante tamandare do sul"
alpercata
alpestre
alpinopolis
"alta floresta"
"alta floresta d'oeste"
altamira
"altamira do parana"
altaneira
alterosa
altinho
altinopolis
"alto alegre"
"alto alegre do iguacu"
"alto alegre do maranhao"
"alto alegre do pindare"
"alto araguaia"
"alto bela vista"
"alto boa vista"
"alto caparao"
"alto do rodrigues"
"alto garcas"
"alto horizonte"
"alto jequitiba"
"alto paraiso"
"alto paraiso de goias"
"alto parana"
"alto parnaiba"
"alto piquiri"
"alto rio doce"
"alto rio novo"
"alto santo"
"alto sao joao"
"alto taquari"
altonia
altos
aluminio
alvarenga
"alvares florence"
"alvares machado"
"alvaro de carvalho"
alvinopolis
alvorada
"alvorada d'oeste"
"alvorada do gurgueia"
"alvorada do norte"
amambai
amanari
"amapa do maranhao"
amapora
amaraji
amarante
amargosa
"amelia rodrigues"
"america dourada"
americana
"americano do brasil"
"americo brasiliense"
"americo de campos"
"ametista do sul"
amontada
amparo
"amparo da serra"
ampere
anadia
anage
analandia
ananas
ananindeua
anapolis
anastacio
anaurilandia
anchieta
andarai
andira
andorinha
andradas
andradina
"andre da rocha"
andrelandia
andrequice
angatuba
angelica
angelina
"angelo frechiani"
angical
"angical do piaui"
angicos
"angra dos reis"
anguera
angulo
angustura
anhandui
anhembi
anhumas
anicuns
"anita garibaldi"
anitapolis
anta
"anta gorda"
antonina
"antonina do norte"
"antonio cardoso"
"antonio carlos"
"antonio goncalves"
"antonio martins"
"antonio pereira"
"antonio prado"
"antonio prado de minas"
antunes
aparecida
"aparecida d'oeste"
"aparecida de goiania"
"aparecida de monte alto"
"aparecida de sao manuel"
"aparecida do rio negro"
"aparecida do taboado"
aperibe
apiaca
apiacas
apiai
apiuna
apodi
apora
apore
apuarema
apucarana
apuiares
aquidaba
aquidauana
aquiraz
aracaju
aracariguama
aracati
aracatu
aracatuba
arace
araci
aracitaba
aracoiaba
"aracoiaba da serra"
aracruz
aracuai
aragarcas
aragoiania
araguacu
araguaia
araguaina
araguana
araguapaz
araguari
araguatins
aramari
arame
aramina
arandu
arantina
arapei
arapiraca
arapoema
araponga
arapongas
arapora
arapoti
arapua
araputanga
araquari
arara
ararangua
araraquara
araras
arari
ararica
araripe
araripina
araruama
araruna
arataca
aratiba
aratuba
araucaria
araujos
araxa
arceburgo
arcos
arcoverde
areado
areal
arealva
areia
"areia branca"
"areia branca dos assis"
areial
areias
areiopolis
arembepe
arenapolis
arenopolis
aribice
arinos
aripuana
ariquemes
ariranha
"armacao dos buzios"
armazem
arneiroz
aroeiras
"arraial d ajuda"
"arraial d'ajuda"
"arraial do cabo"
arraias
"arroio do meio"
"arroio do sal"
"arroio do tigre"
"arroio dos ratos"
"arroio grande"
"arroio trinta"
arrozal
"artur nogueira"
aruana
aruja
arvoredo
arvorezinha
ascurra
assai
assare
assis
"assis chateaubriand"
assuncao
"astolfo dutra"
astorga
atalaia
atalanta
ataleia
atibaia
"atilio vivacqua"
augustinopolis
"augusto correa"
"augusto pestana"
aurea
auriflama
aurilandia
aurora
"aurora do para"
avai
avanhandava
avare
avelar
"avelino lopes"
azurita
bacabal
bacaxa
bacuri
"bady bassitt"
baependi
bage
baguari
baianopolis
"baixa grande"
"baixa grande do ribeiro"
"baixo guandu"
balbinos
baldim
"balneario arroio do silva"
"balneario barra do sul"
"balneario camboriu"
"balneario gaivota"
"balneario picarras"
"balneario pinhal"
"balneario rincao"
"balsa nova"
balsamo
balsas
bambui
banabuiu
bananal
bananeiras
bandeira
"bandeira do sul"
bandeirantes
"bandeirantes d'oeste"
"bandeirantes do tocantins"
banzae
barao
"barao ataliba nogueira"
"barao de cocais"
"barao de cotegipe"
"barao de juparana"
"barao do triunfo"
barauna
barbacena
barbalha
"barbosa ferraz"
barcarena
bariri
barra
"barra bonita"
"barra da estiva"
"barra de guabiraba"
"barra de santa rosa"
"barra de santo antonio"
"barra de sao francisco"
"barra de sao joao"
"barra de sao miguel"
"barra do bugres"
"barra do choca"
"barra do corda"
"barra do garcas"
"barra do jacare"
"barra do mendes"
"barra do pirai"
"barra do ribeiro"
"barra do rio azul"
"barra do tarrachil"
"barra do turvo"
"barra dos coqueiros"
"barra longa"
"barra mansa"
"barra velha"
barracao
barras
barreira
barreiras
barreirinhas
barreiros
barretos
barrinha
barro
"barro alto"
"barro preto"
barrocas
barrolandia
"barros cassal"
barroso
barueri
bastos
bataguassu
bataipora
batalha
batatais
bataypora
baturite
bauru
bayeux
bebedouro
beberibe
"bela cruz"
"bela vista"
"bela vista de goias"
"bela vista de minas"
"bela vista do maranhao"
"bela vista do paraiso"
belem
"belem do sao francisco"
"belford roxo"
belmonte
"belo campo"
"belo horizonte"
"belo jardim"
"belo oriente"
"belo vale"
bemposta
"benedito leite"
"benedito novo"
benevides
"bento de abreu"
"bento goncalves"
bequimao
berilo
berizal
"bernardino de campos"
bertioga
bertolinia
bertopolis
betim
bezerros
"bias fortes"
bicas
biguacu
bilac
birigui
biritiba-mirim
biritinga
bituruna
blumenau
"boa esperanca"
"boa esperanca do iguacu"
"boa esperanca do sul"
"boa ventura"
"boa viagem"
"boa vista"
"boa vista da aparecida"
"boa vista das missoes"
"boa vista do burica"
"boa vista do cadeado"
"boa vista do gurupi"
"boa vista do sul"
"boca da mata"
bocaina
bocaiuva
"bocaiuva do sul"
bodo
bodoco
bodoquena
bofete
boituva
"bom conselho"
"bom despacho"
"bom jardim"
"bom jardim de goias"
"bom jardim de minas"
"bom jesus"
"bom jesus da lapa"
"bom jesus da penha"
"bom jesus da serra"
"bom jesus das selvas"
"bom jesus do amparo"
"bom jesus do araguaia"
"bom jesus do galho"
"bom jesus do itabapoana"
"bom jesus do norte"
"bom jesus do querendo"
"bom jesus do sul"
"bom jesus do tocantins"
"bom jesus dos perdoes"
"bom principio"
"bom repouso"
"bom retiro"
"bom retiro do sul"
"bom sucesso"
bombinhas
bonfim
"bonfim paulista"
bonfinopolis
"bonfinopolis de minas"
boninal
bonito
"bonito de minas"
"bonito de santa fe"
"boqueirao do leao"
boquim
boquira
bora
boraceia
borborema
"borda da mata"
borrazopolis
bossoroca
botelho
botelhos
botucatu
botupora
botuvera
"braco do norte"
"braco do rio"
braganca
"braganca paulista"
"bras pires"
"brasil novo"
brasilandia
"brasilandia de minas"
brasileia
brasilia
"brasilia de minas"
brasopolis
brauna
braunas
brazabrantes
brazopolis
brejetuba
brejo
"brejo bonito"
"brejo da madre de deus"
"brejo do cruz"
"brejo dos santos"
"brejo grande"
"brejo santo"
brejoes
brejolandia
"breu branco"
breves
britania
brodowski
brotas
"brotas de macaubas"
brumadinho
brumado
brusque
"bueno brandao"
buenopolis
"buenos aires"
buerarema
bugre
buique
buri
buritama
buriti
"buriti alegre"
"buriti do tocantins"
"buriti dos lopes"
buriticupu
buritirama
buritis
buritizal
buritizeiro
butia
caarapo
"cabaceiras do paraguacu"
"cabeceira grande"
cabeceiras
cabedelo
cabixi
"cabo de santo agostinho"
"cabo frio"
"cabo verde"
"cabralia paulista"
cabreuva
cabrobo
cacador
cacapava
"cacapava do sul"
cacaulandia
cacequi
caceres
cachoeira
"cachoeira alta"
"cachoeira da prata"
"cachoeira de minas"
"cachoeira de pajeu"
"cachoeira do brumado"
"cachoeira do campo"
"cachoeira do sul"
"cachoeira dourada"
"cachoeira paulista"
"cachoeiras de macacu"
cachoeirinha
"cachoeiro de itapemirim"
cacimbinhas
cacoal
caconde
cacu
cacule
caem
caetanopolis
caetanos
caete
caetes
caetite
cafeara
cafelandia
caiana
caiaponia
caibate
caibi
"caicara do norte"
caico
caieiras
cairu
caiua
cajamar
cajapio
cajari
cajati
cajazeiras
cajobi
cajueiro
cajuri
cajuru
calcado
caldas
"caldas brandao"
"caldas do jorro"
"caldas novas"
"caldeirao grande"
"caldeirao grande do piaui"
california
"california da barra"
calmon
camacan
camacari
camacho
camamu
camanducaia
camapua
camaqua
camaragibe
cambara
"cambara do sul"
cambe
cambiasca
cambira
camboriu
cambuci
cambui
cambuquira
cameta
camocim
"camocim de sao felix"
campanario
campanha
campestre
"campestre da serra"
"campestre do maranhao"
"campina da lagoa"
"campina das missoes"
"campina do monte alegre"
"campina grande"
"campina grande do sul"
"campina verde"
campinacu
campinapolis
campinas
"campinas do sul"
campinorte
"campo alegre"
"campo alegre de goias"
"campo alegre de lourdes"
"campo alegre de minas"
"campo alegre do fidalgo"
"campo azul"
"campo belo"
"campo bom"
"campo bonito"
"campo do brito"
"campo do meio"
"campo do tenente"
"campo ere"
"campo florido"
"campo formoso"
"campo grande"
"campo grande do piaui"
"campo largo"
"campo limpo paulista"
"campo magro"
"campo maior"
"campo mourao"
"campo novo"
"campo novo do parecis"
"campo verde"
"campos altos"
"campos belos"
"campos borges"
"campos de julio"
"campos do jordao"
"campos dos goytacazes"
"campos gerais"
"campos novos"
"campos sales"
"campos verdes"
camutanga
canaa
"canaa dos carajas"
cananeia
canapi
canapolis
canarana
canavieiras
candeal
candeias
"candeias do jamari"
candelaria
"candido de abreu"
"candido godoi"
"candido mendes"
"candido mota"
"candido rodrigues"
"candido sales"
candiota
candoi
canela
canelinha
cangucu
canhotinho
caninde
"caninde de sao francisco"
canitar
canoas
canoinhas
cansancao
cantagalo
cantanhede
"canto do buriti"
canudos
capanema
"capao bonito"
"capao da canoa"
"capao da porteira"
"capao do cipo"
"capao do leao"
caparao
capela
"capela de santana"
"capela do alto"
"capela do alto alegre"
"capela nova"
capelinha
capetinga
"capim branco"
"capim grosso"
capinopolis
capinzal
"capinzal do norte"
capistrano
capitao
"capitao andrade"
"capitao eneas"
"capitao leonidas marques"
"capitao poco"
capitolio
capivari
"capivari de baixo"
"capivari do sul"
capoeiras
caputira
caracol
caraguatatuba
carai
caraiba
caraibas
carajas
carambei
carandai
carangola
carapebus
carapicuiba
caratinga
caraubas
caravelas
carazinho
carbonita
cardoso
"cardoso moreira"
careacu
cariacica
caridade
carinhanha
carire
"cariri do tocantins"
caririacu
carius
carlinda
carlopolis
"carlos barbosa"
"carlos chagas"
carmesia
carmo
"carmo da cachoeira"
"carmo da mata"
"carmo de minas"
"carmo do cajuru"
"carmo do paranaiba"
"carmo do rio claro"
"carmo do rio verde"
carmolandia
carmopolis
"carmopolis de minas"
"carnaiba do sertao"
"carnauba dos dantas"
carnaubais
carnaubal
carneirinho
carolina
carpina
carrancas
caruaru
carutapera
carvalhopolis
"casa branca"
"casa nova"
casca
"cascalho rico"
cascavel
caseiros
"casimiro de abreu"
cassia
"cassia dos coqueiros"
cassilandia
castanhal
castanheira
castanheiras
castelandia
castelo
"castelo do piaui"
castilho
castro
"castro alves"
cataguases
catalao
catanduva
catanduvas
catarina
"catas altas"
catende
catigua
"catole do rocha"
catu
"catu de abrantes"
catuipe
caturama
caucaia
cavalcante
caxambu
"caxambu do sul"
caxias
"caxias do sul"
caxingo
ceara-mirim
cedral
cedro
"cedro de sao joao"
"cedro do abaete"
ceilandia
celina
"celso ramos"
centenario
"centenario do sul"
central
"central de santa helena"
centralina
"centro novo do maranhao"
cerejeiras
ceres
"cerqueira cesar"
cerquilho
cerrito
"cerro azul"
"cerro grande"
"cerro grande do sul"
"cerro largo"
"cerro negro"
"cesario lange"
"ceu azul"
cezarina
"cha de alegria"
"cha grande"
chacara
chale
chapada
"chapada do norte"
"chapada dos guimaraes"
"chapada gaucha"
"chapadao do ceu"
"chapadao do lageado"
"chapadao do sul"
chapadinha
chapeco
charqueada
charqueadas
charrua
chaval
chavantes
chaveslandia
chiapetta
chopinzinho
chorozinho
chorrocho
chui
cianorte
"cicero dantas"
"cidade gaucha"
"cidade ocidental"
cidelandia
cidreira
cipo
cipo-guacu
ciriaco
claraval
"claro dos pocoes"
claudia
claudio
clementina
clevelandia
coaraci
coari
cocais
cocal
"cocal do sul"
cocalinho
"cocalzinho de goias"
cocos
codo
"coelho neto"
coimbra
"coite do noia"
colatina
colider
colina
colinas
"colinas do tocantins"
colmeia
colniza
colombia
colombo
"colonia castrolanda"
"colonia jordaozinho"
"colonia leopoldina"
"colonia vitoria"
colorado
"colorado do oeste"
coluna
combinado
"comendador levy gasparian"
comercinho
comodoro
